U1/V	IA/nA	IA2/nA

0,02	0,01	0,01
0,04	0,01	0,01
0,07	0,01	0,01
0,09	0,01	0,01
0,12	0,01	0,01
0,14	0,01	0,01
0,17	0,01	0,01
0,19	0,01	0,01
0,21	0,01	0,01
0,24	0,01	0,01
0,26	0,01	0,01
0,29	0,01	0,01
0,31	0,01	0,01
0,34	0,01	0,01
0,36	0,01	0,01
0,39	0,01	0,01
0,41	0,01	0,01
0,43	0,01	0,01
0,46	0,01	0,01
0,48	0,01	0,01
0,51	0,01	0,01
0,53	0,01	0,01
0,56	0,01	0,01
0,58	0,01	0,01
0,61	0,00	0,01
0,63	0,00	0,01
0,65	0,00	0,01
0,68	0,01	0,01
0,70	0,01	0,01
0,73	0,01	0,01
0,75	0,01	0,01
0,78	0,01	0,01
0,80	0,01	0,01
0,83	0,01	0,01
0,85	0,01	0,01
0,87	0,01	0,01
0,90	0,01	0,01
0,92	0,01	0,01
0,95	0,01	0,01
0,97	0,01	0,01
1,00	0,01	0,01
1,02	0,01	0,01
1,05	0,01	0,01
1,07	0,01	0,01
1,09	0,01	0,01
1,12	0,01	0,01
1,14	0,01	0,01
1,17	0,01	0,01
1,19	0,01	0,01
1,22	0,01	0,01
1,24	0,01	0,01
1,26	0,00	0,01
1,29	0,00	0,01
1,31	0,00	0,01
1,34	0,00	0,01
1,36	0,01	0,01
1,39	0,01	0,01
1,41	0,01	0,01
1,44	0,01	0,01
1,46	0,00	0,01
1,48	0,00	0,01
1,51	0,00	0,01
1,53	0,01	0,01
1,56	0,02	0,01
1,58	0,02	0,01
1,61	0,02	0,01
1,63	0,02	0,01
1,66	0,02	0,01
1,68	0,01	0,01
1,70	0,01	0,01
1,73	0,01	0,01
1,75	0,01	0,01
1,78	0,01	0,01
1,80	0,01	0,01
1,83	0,01	0,01
1,85	0,01	0,01
1,88	0,01	0,01
1,90	0,01	0,01
1,92	0,01	0,01
1,95	0,01	0,01
1,97	0,01	0,01
2,00	0,01	0,01
2,02	0,01	0,01
2,05	0,00	0,01
2,07	0,00	0,01
2,10	0,01	0,01
2,12	0,01	0,01
2,14	0,01	0,01
2,17	0,01	0,01
2,19	0,01	0,01
2,22	0,01	0,01
2,24	0,01	0,01
2,27	0,01	0,01
2,29	0,01	0,01
2,31	0,01	0,01
2,34	0,01	0,01
2,36	0,01	0,01
2,39	0,01	0,01
2,41	0,01	0,01
2,44	0,01	0,01
2,46	0,01	0,01
2,49	0,01	0,01
2,51	0,01	0,01
2,53	0,01	0,01
2,56	0,01	0,01
2,58	0,01	0,01
2,61	0,01	0,01
2,63	0,01	0,01
2,66	0,01	0,01
2,68	0,01	0,01
2,71	0,01	0,01
2,73	0,01	0,01
2,75	0,01	0,01
2,78	0,01	0,01
2,80	0,01	0,01
2,83	0,01	0,01
2,85	0,01	0,01
2,88	0,01	0,01
2,90	0,01	0,01
2,93	0,01	0,01
2,95	0,01	0,01
2,97	0,01	0,01
3,00	0,01	0,01
3,02	0,01	0,01
3,05	0,01	0,01
3,07	0,01	0,01
3,10	0,01	0,01
3,12	0,01	0,01
3,15	0,01	0,01
3,17	0,01	0,01
3,19	0,01	0,01
3,22	0,01	0,01
3,24	0,01	0,01
3,27	0,01	0,01
3,29	0,01	0,01
3,32	0,01	0,01
3,34	0,01	0,01
3,36	0,01	0,01
3,39	0,01	0,01
3,41	0,01	0,01
3,44	0,01	0,01
3,46	0,01	0,01
3,49	0,01	0,01
3,51	0,01	0,01
3,54	0,01	0,01
3,56	0,02	0,01
3,58	0,02	0,01
3,61	0,01	0,01
3,63	0,01	0,01
3,66	0,01	0,01
3,68	0,01	0,01
3,71	0,01	0,01
3,73	0,01	0,01
3,76	0,01	0,01
3,78	0,01	0,01
3,80	0,00	0,01
3,83	0,00	0,01
3,85	0,00	0,01
3,88	0,00	0,00
3,90	0,00	0,00
3,93	0,01	0,01
3,95	0,01	0,01
3,98	0,01	0,01
4,00	0,01	0,01
4,02	0,00	0,01
4,05	0,00	0,01
4,07	0,01	0,01
4,10	0,01	0,01
4,12	0,01	0,01
4,15	0,01	0,01
4,17	0,01	0,01
4,20	0,01	0,01
4,22	0,01	0,01
4,24	0,01	0,01
4,27	0,01	0,01
4,29	0,01	0,01
4,32	0,01	0,01
4,34	0,01	0,01
4,37	0,01	0,01
4,39	0,01	0,01
4,42	0,01	0,01
4,44	0,01	0,01
4,46	0,01	0,01
4,49	0,01	0,01
4,51	0,01	0,01
4,54	0,01	0,01
4,56	0,01	0,01
4,59	0,01	0,01
4,61	0,01	0,01
4,63	0,01	0,01
4,66	0,01	0,01
4,68	0,01	0,01
4,71	0,01	0,01
4,73	0,01	0,01
4,76	0,01	0,01
4,78	0,01	0,01
4,81	0,01	0,01
4,83	0,01	0,01
4,85	0,01	0,01
4,88	0,01	0,01
4,90	0,01	0,01
4,93	0,01	0,01
4,95	0,01	0,01
4,98	0,01	0,01
5,00	0,01	0,01
5,03	0,01	0,01
5,05	0,01	0,01
5,07	0,01	0,01
5,10	0,01	0,01
5,12	0,01	0,01
5,15	0,01	0,01
5,17	0,01	0,01
5,20	0,01	0,01
5,22	0,01	0,01
5,25	0,01	0,01
5,27	0,01	0,01
5,29	0,01	0,01
5,32	0,01	0,01
5,34	0,01	0,01
5,37	0,01	0,01
5,39	0,01	0,01
5,42	0,01	0,01
5,44	0,01	0,01
5,47	0,01	0,01
5,49	0,01	0,01
5,51	0,01	0,01
5,54	0,01	0,01
5,56	0,01	0,01
5,59	0,01	0,01
5,61	0,01	0,01
5,64	0,01	0,01
5,66	0,01	0,01
5,68	0,01	0,01
5,71	0,01	0,01
5,73	0,01	0,01
5,76	0,01	0,01
5,78	0,01	0,01
5,81	0,01	0,01
5,83	0,01	0,01
5,86	0,01	0,01
5,88	0,01	0,01
5,90	0,01	0,01
5,93	0,01	0,01
5,95	0,01	0,01
5,98	0,01	0,01
6,00	0,01	0,01
6,03	0,01	0,01
6,05	0,01	0,01
6,08	0,01	0,01
6,10	0,01	0,01
6,12	0,01	0,01
6,15	0,02	0,01
6,17	0,02	0,01
6,20	0,02	0,01
6,22	0,02	0,01
6,25	0,02	0,01
6,27	0,01	0,01
6,30	0,01	0,01
6,32	0,01	0,01
6,34	0,01	0,01
6,37	0,00	0,01
6,39	0,00	0,01
6,42	0,00	0,01
6,44	0,00	0,01
6,47	0,01	0,01
6,49	0,01	0,01
6,52	0,01	0,01
6,54	0,01	0,01
6,56	0,01	0,01
6,59	0,01	0,01
6,61	0,01	0,01
6,64	0,01	0,01
6,66	0,01	0,01
6,69	0,01	0,01
6,71	0,02	0,01
6,73	0,02	0,01
6,76	0,02	0,01
6,78	0,02	0,01
6,81	0,02	0,01
6,83	0,01	0,01
6,86	0,01	0,01
6,88	0,01	0,01
6,91	0,01	0,01
6,93	0,01	0,01
6,95	0,01	0,01
6,98	0,01	0,01
7,00	0,01	0,01
7,03	0,01	0,01
7,05	0,01	0,02
7,08	0,02	0,02
7,10	0,02	0,02
7,13	0,02	0,03
7,15	0,02	0,03
7,17	0,02	0,03
7,20	0,02	0,03
7,22	0,02	0,04
7,25	0,06	0,04
7,27	0,05	0,04
7,30	0,05	0,04
7,32	0,08	0,04
7,35	0,08	0,04
7,37	0,04	0,04
7,39	0,04	0,04
7,42	0,05	0,04
7,44	0,03	0,05
7,47	0,03	0,05
7,49	0,04	0,05
7,52	0,04	0,05
7,54	0,02	0,04
7,57	0,04	0,04
7,59	0,05	0,04
7,61	0,04	0,04
7,64	0,04	0,04
7,66	0,06	0,04
7,69	0,05	0,04
7,71	0,05	0,04
7,74	0,04	0,04
7,76	0,05	0,05
7,78	0,04	0,05
7,81	0,03	0,05
7,83	0,03	0,05
7,86	0,05	0,05
7,88	0,06	0,05
7,91	0,05	0,05
7,93	0,05	0,05
7,96	0,07	0,05
7,98	0,05	0,05
8,00	0,04	0,06
8,03	0,05	0,06
8,05	0,05	0,06
8,08	0,03	0,07
8,10	0,07	0,07
8,13	0,08	0,07
8,15	0,07	0,07
8,18	0,09	0,06
8,20	0,11	0,06
8,22	0,10	0,06
8,25	0,08	0,07
8,27	0,09	0,07
8,30	0,06	0,07
8,32	0,05	0,07
8,35	0,03	0,07
8,37	0,04	0,07
8,40	0,05	0,07
8,42	0,06	0,07
8,44	0,06	0,07
8,47	0,08	0,07
8,49	0,10	0,07
8,52	0,07	0,06
8,54	0,07	0,06
8,57	0,10	0,06
8,59	0,09	0,06
8,62	0,07	0,07
8,64	0,08	0,07
8,66	0,06	0,07
8,69	0,03	0,06
8,71	0,02	0,06
8,74	0,04	0,06
8,76	0,05	0,06
8,79	0,06	0,06
8,81	0,07	0,06
8,84	0,09	0,06
8,86	0,07	0,06
8,88	0,05	0,06
8,91	0,05	0,07
8,93	0,05	0,07
8,96	0,06	0,07
8,98	0,06	0,07
9,01	0,08	0,08
9,03	0,10	0,08
9,05	0,09	0,07
9,08	0,08	0,08
9,10	0,10	0,08
9,13	0,10	0,08
9,15	0,07	0,09
9,18	0,09	0,09
9,20	0,09	0,09
9,23	0,07	0,09
9,25	0,06	0,09
9,27	0,11	0,09
9,30	0,10	0,09
9,32	0,09	0,09
9,35	0,12	0,09
9,37	0,14	0,09
9,40	0,10	0,08
9,42	0,09	0,08
9,45	0,10	0,08
9,47	0,08	0,08
9,49	0,06	0,08
9,52	0,05	0,08
9,54	0,06	0,08
9,57	0,04	0,08
9,59	0,04	0,08
9,62	0,06	0,07
9,64	0,08	0,07
9,67	0,07	0,07
9,69	0,09	0,07
9,71	0,11	0,08
9,74	0,10	0,08
9,76	0,08	0,08
9,79	0,08	0,09
9,81	0,08	0,09
9,84	0,07	0,09
9,86	0,07	0,09
9,89	0,12	0,09
9,91	0,13	0,09
9,93	0,11	0,09
9,96	0,11	0,09
9,98	0,12	0,09
10,01	0,07	0,09
10,03	0,06	0,10
10,06	0,09	0,10
10,08	0,10	0,10
10,10	0,08	0,10
10,13	0,10	0,10
10,15	0,11	0,10
10,18	0,10	0,10
10,20	0,11	0,10
10,23	0,11	0,10
10,25	0,12	0,10
10,28	0,11	0,10
10,30	0,10	0,10
10,32	0,10	0,10
10,35	0,11	0,11
10,37	0,08	0,11
10,40	0,08	0,11
10,42	0,10	0,11
10,45	0,11	0,11
10,47	0,09	0,11
10,50	0,12	0,11
10,52	0,13	0,11
10,54	0,12	0,11
10,57	0,12	0,12
10,59	0,13	0,12
10,62	0,12	0,13
10,64	0,11	0,14
10,67	0,11	0,14
10,69	0,13	0,14
10,72	0,12	0,15
10,74	0,16	0,15
10,76	0,18	0,15
10,79	0,19	0,16
10,81	0,18	0,16
10,84	0,19	0,16
10,86	0,16	0,17
10,89	0,16	0,18
10,91	0,16	0,18
10,94	0,15	0,19
10,96	0,17	0,20
10,98	0,21	0,20
11,01	0,20	0,20
11,03	0,21	0,20
11,06	0,24	0,20
11,08	0,23	0,20
11,11	0,21	0,21
11,13	0,24	0,21
11,15	0,25	0,22
11,18	0,22	0,22
11,20	0,22	0,23
11,23	0,21	0,23
11,25	0,20	0,24
11,28	0,19	0,24
11,30	0,22	0,24
11,33	0,24	0,24
11,35	0,26	0,24
11,37	0,27	0,24
11,40	0,29	0,25
11,42	0,27	0,25
11,45	0,25	0,26
11,47	0,25	0,27
11,50	0,26	0,27
11,52	0,26	0,28
11,55	0,25	0,28
11,57	0,28	0,29
11,59	0,31	0,29
11,62	0,30	0,29
11,64	0,30	0,29
11,67	0,33	0,30
11,69	0,32	0,30
11,72	0,29	0,31
11,74	0,31	0,31
11,77	0,32	0,32
11,79	0,29	0,32
11,81	0,28	0,32
11,84	0,34	0,32
11,86	0,34	0,33
11,89	0,33	0,32
11,91	0,37	0,33
11,94	0,39	0,33
11,96	0,34	0,33
11,99	0,31	0,33
12,01	0,33	0,33
12,03	0,32	0,34
12,06	0,32	0,34
12,08	0,32	0,34
12,11	0,33	0,34
12,13	0,33	0,33
12,16	0,32	0,33
12,18	0,33	0,33
12,21	0,36	0,32
12,23	0,34	0,32
12,25	0,34	0,32
12,28	0,34	0,32
12,30	0,34	0,32
12,33	0,30	0,32
12,35	0,30	0,32
12,38	0,30	0,32
12,40	0,27	0,32
12,42	0,26	0,32
12,45	0,31	0,32
12,47	0,33	0,31
12,50	0,32	0,31
12,52	0,34	0,31
12,55	0,35	0,31
12,57	0,33	0,32
12,60	0,31	0,32
12,62	0,31	0,32
12,64	0,31	0,33
12,67	0,31	0,33
12,69	0,33	0,32
12,72	0,34	0,32
12,74	0,33	0,31
12,77	0,35	0,31
12,79	0,35	0,30
12,82	0,32	0,30
12,84	0,31	0,30
12,86	0,30	0,30
12,89	0,27	0,29
12,91	0,27	0,29
12,94	0,26	0,29
12,96	0,24	0,28
12,99	0,25	0,27
13,01	0,28	0,27
13,04	0,26	0,26
13,06	0,26	0,26
13,08	0,28	0,25
13,11	0,27	0,25
13,13	0,24	0,24
13,16	0,25	0,24
13,18	0,24	0,24
13,21	0,24	0,24
13,23	0,23	0,23
13,26	0,22	0,23
13,28	0,20	0,23
13,30	0,20	0,22
13,33	0,19	0,22
13,35	0,21	0,22
13,38	0,22	0,22
13,40	0,21	0,21
13,43	0,24	0,22
13,45	0,24	0,22
13,47	0,21	0,21
13,50	0,19	0,22
13,52	0,21	0,22
13,55	0,22	0,22
13,57	0,20	0,21
13,60	0,21	0,21
13,62	0,25	0,21
13,65	0,23	0,21
13,67	0,20	0,20
13,69	0,22	0,20
13,72	0,22	0,20
13,74	0,17	0,20
13,77	0,19	0,20
13,79	0,20	0,20
13,82	0,18	0,20
13,84	0,16	0,19
13,87	0,20	0,19
13,89	0,19	0,18
13,91	0,17	0,18
13,94	0,19	0,17
13,96	0,21	0,17
13,99	0,19	0,17
14,01	0,16	0,16
14,04	0,17	0,16
14,06	0,15	0,16
14,09	0,14	0,16
14,11	0,12	0,16
14,13	0,14	0,16
14,16	0,14	0,15
14,18	0,13	0,15
14,21	0,13	0,15
14,23	0,17	0,15
14,26	0,16	0,14
14,28	0,14	0,14
14,31	0,15	0,15
14,33	0,17	0,15
14,35	0,14	0,15
14,38	0,13	0,16
14,40	0,15	0,16
14,43	0,15	0,16
14,45	0,13	0,16
14,48	0,17	0,16
14,50	0,20	0,16
14,52	0,19	0,16
14,55	0,17	0,16
14,57	0,19	0,16
14,60	0,16	0,17
14,62	0,14	0,17
14,65	0,14	0,17
14,67	0,17	0,18
14,70	0,16	0,18
14,72	0,17	0,18
14,74	0,17	0,18
14,77	0,18	0,18
14,79	0,18	0,18
14,82	0,18	0,18
14,84	0,19	0,18
14,87	0,21	0,18
14,89	0,20	0,19
14,92	0,19	0,19
14,94	0,21	0,19
14,96	0,17	0,20
14,99	0,15	0,20
15,01	0,17	0,20
15,04	0,20	0,21
15,06	0,20	0,21
15,09	0,22	0,21
15,11	0,24	0,22
15,14	0,24	0,22
15,16	0,23	0,23
15,18	0,23	0,24
15,21	0,23	0,25
15,23	0,24	0,26
15,26	0,24	0,27
15,28	0,26	0,28
15,31	0,27	0,29
15,33	0,31	0,29
15,36	0,32	0,30
15,38	0,35	0,31
15,40	0,35	0,32
15,43	0,35	0,33
15,45	0,32	0,35
15,48	0,34	0,36
15,50	0,34	0,37
15,53	0,34	0,39
15,55	0,36	0,40
15,57	0,42	0,41
15,60	0,43	0,42
15,62	0,44	0,42
15,65	0,48	0,43
15,67	0,48	0,44
15,70	0,46	0,45
15,72	0,47	0,46
15,75	0,49	0,48
15,77	0,48	0,49
15,79	0,49	0,50
15,82	0,49	0,51
15,84	0,50	0,52
15,87	0,49	0,53
15,89	0,52	0,53
15,92	0,54	0,54
15,94	0,57	0,55
15,97	0,57	0,56
15,99	0,60	0,57
16,01	0,61	0,58
16,04	0,59	0,59
16,06	0,56	0,60
16,09	0,59	0,61
16,11	0,60	0,62
16,14	0,60	0,63
16,16	0,63	0,64
16,19	0,70	0,64
16,21	0,69	0,65
16,23	0,67	0,65
16,26	0,68	0,66
16,28	0,69	0,67
16,31	0,65	0,68
16,33	0,67	0,69
16,36	0,70	0,69
16,38	0,69	0,70
16,41	0,67	0,70
16,43	0,71	0,70
16,45	0,71	0,70
16,48	0,71	0,71
16,50	0,73	0,71
16,53	0,76	0,71
16,55	0,75	0,71
16,58	0,73	0,71
16,60	0,72	0,71
16,63	0,72	0,72
16,65	0,70	0,72
16,67	0,68	0,71
16,70	0,70	0,72
16,72	0,72	0,71
16,75	0,71	0,71
16,77	0,70	0,70
16,80	0,71	0,70
16,82	0,72	0,69
16,84	0,70	0,69
16,87	0,70	0,69
16,89	0,72	0,69
16,92	0,69	0,68
16,94	0,65	0,68
16,97	0,65	0,67
16,99	0,66	0,67
17,02	0,63	0,66
17,04	0,65	0,65
17,06	0,67	0,65
17,09	0,68	0,64
17,11	0,64	0,64
17,14	0,64	0,63
17,16	0,63	0,63
17,19	0,61	0,63
17,21	0,60	0,62
17,24	0,59	0,62
17,26	0,59	0,62
17,28	0,62	0,61
17,31	0,60	0,60
17,33	0,61	0,59
17,36	0,62	0,59
17,38	0,60	0,58
17,41	0,58	0,57
17,43	0,60	0,56
17,46	0,58	0,56
17,48	0,54	0,55
17,50	0,55	0,54
17,53	0,53	0,53
17,55	0,49	0,52
17,58	0,48	0,51
17,60	0,50	0,50
17,63	0,49	0,49
17,65	0,48	0,48
17,68	0,49	0,47
17,70	0,49	0,46
17,72	0,46	0,45
17,75	0,45	0,44
17,77	0,42	0,43
17,80	0,41	0,42
17,82	0,38	0,41
17,85	0,38	0,41
17,87	0,38	0,40
17,89	0,39	0,39
17,92	0,38	0,37
17,94	0,38	0,37
17,97	0,38	0,36
17,99	0,36	0,36
18,02	0,33	0,35
18,04	0,34	0,35
18,07	0,33	0,34
18,09	0,30	0,34
18,11	0,30	0,33
18,14	0,35	0,33
18,16	0,34	0,32
18,19	0,32	0,31
18,21	0,35	0,30
18,24	0,34	0,30
18,26	0,29	0,29
18,29	0,28	0,29
18,31	0,30	0,29
18,33	0,25	0,28
18,36	0,24	0,28
18,38	0,26	0,27
18,41	0,26	0,27
18,43	0,24	0,26
18,46	0,25	0,25
18,48	0,26	0,25
18,51	0,25	0,24
18,53	0,24	0,24
18,55	0,24	0,24
18,58	0,25	0,24
18,60	0,23	0,23
18,63	0,22	0,23
18,65	0,23	0,23
18,68	0,23	0,22
18,70	0,22	0,22
18,73	0,21	0,21
18,75	0,23	0,21
18,77	0,23	0,20
18,80	0,20	0,20
18,82	0,18	0,19
18,85	0,19	0,19
18,87	0,16	0,19
18,90	0,15	0,19
18,92	0,18	0,19
18,94	0,17	0,19
18,97	0,15	0,19
18,99	0,16	0,19
19,02	0,18	0,18
19,04	0,17	0,18
19,07	0,20	0,18
19,09	0,23	0,18
19,12	0,24	0,19
19,14	0,22	0,19
19,16	0,20	0,19
19,19	0,17	0,20
19,21	0,17	0,20
19,24	0,15	0,21
19,26	0,17	0,21
19,29	0,19	0,21
19,31	0,23	0,21
19,34	0,22	0,21
19,36	0,23	0,22
19,38	0,26	0,22
19,41	0,24	0,23
19,43	0,23	0,23
19,46	0,25	0,24
19,48	0,26	0,25
19,51	0,23	0,26
19,53	0,24	0,26
19,56	0,27	0,27
19,58	0,25	0,27
19,60	0,25	0,28
19,63	0,29	0,28
19,65	0,31	0,29
19,68	0,29	0,29
19,70	0,31	0,30
19,73	0,33	0,32
19,75	0,32	0,33
19,78	0,31	0,34
19,80	0,31	0,35
19,82	0,34	0,37
19,85	0,35	0,38
19,87	0,36	0,39
19,90	0,39	0,40
19,92	0,46	0,41
19,95	0,45	0,42
19,97	0,46	0,44
19,99	0,49	0,45
20,02	0,50	0,47
20,04	0,46	0,49
20,07	0,48	0,50
20,09	0,50	0,52
20,12	0,49	0,53
20,14	0,50	0,54
20,17	0,57	0,56
20,19	0,59	0,57
20,21	0,59	0,59
20,24	0,62	0,60
20,26	0,64	0,62
20,29	0,62	0,64
20,31	0,63	0,65
20,34	0,66	0,67
20,36	0,69	0,70
20,39	0,70	0,71
20,41	0,73	0,73
20,43	0,75	0,75
20,46	0,76	0,76
20,48	0,78	0,78
20,51	0,81	0,80
20,53	0,83	0,81
20,56	0,85	0,83
20,58	0,86	0,85
20,61	0,89	0,87
20,63	0,90	0,88
20,65	0,88	0,90
20,68	0,89	0,92
20,70	0,91	0,93
20,73	0,93	0,94
20,75	0,94	0,95
20,78	1,01	0,97
20,80	1,02	0,98
20,83	1,03	0,99
20,85	1,02	1,00
20,87	1,04	1,02
20,90	1,01	1,03
20,92	1,01	1,04
20,95	1,03	1,06
20,97	1,05	1,07
21,00	1,05	1,08
21,02	1,09	1,08
21,05	1,11	1,09
21,07	1,13	1,09
21,09	1,14	1,10
21,12	1,15	1,11
21,14	1,15	1,12
21,17	1,14	1,13
21,19	1,12	1,13
21,22	1,11	1,14
21,24	1,13	1,14
21,26	1,15	1,15
21,29	1,14	1,15
21,31	1,16	1,14
21,34	1,19	1,14
21,36	1,18	1,14
21,39	1,14	1,13
21,41	1,16	1,13
21,44	1,15	1,13
21,46	1,13	1,13
21,48	1,14	1,12
21,51	1,12	1,12
21,53	1,09	1,11
21,56	1,06	1,10
21,58	1,08	1,09
21,61	1,08	1,09
21,63	1,08	1,07
21,66	1,09	1,06
21,68	1,11	1,06
21,70	1,09	1,05
21,73	1,05	1,04
21,75	1,03	1,03
21,78	1,02	1,02
21,80	0,99	1,01
21,83	0,97	1,00
21,85	0,96	0,99
21,88	1,00	0,98
21,90	0,97	0,97
21,92	0,97	0,95
21,95	0,98	0,94
21,97	0,95	0,93
22,00	0,91	0,91
22,02	0,90	0,90
22,05	0,91	0,89
22,07	0,86	0,88
22,10	0,85	0,87
22,12	0,86	0,86
22,14	0,83	0,84
22,17	0,80	0,82
22,19	0,82	0,81
22,22	0,83	0,79
22,24	0,79	0,78
22,27	0,78	0,76
22,29	0,77	0,75
22,31	0,74	0,74
22,34	0,71	0,72
22,36	0,69	0,71
22,39	0,68	0,70
22,41	0,67	0,68
22,44	0,65	0,66
22,46	0,65	0,65
22,49	0,65	0,63
22,51	0,63	0,61
22,53	0,61	0,60
22,56	0,60	0,59
22,58	0,59	0,58
22,61	0,54	0,57
22,63	0,53	0,56
22,66	0,53	0,55
22,68	0,49	0,53
22,71	0,47	0,52
22,73	0,52	0,51
22,75	0,51	0,50
22,78	0,50	0,48
22,80	0,49	0,47
22,83	0,50	0,46
22,85	0,47	0,45
22,88	0,43	0,45
22,90	0,43	0,44
22,93	0,42	0,43
22,95	0,40	0,42
22,97	0,40	0,41
23,00	0,40	0,40
23,02	0,38	0,39
23,05	0,38	0,38
23,07	0,38	0,37
23,10	0,36	0,36
23,12	0,35	0,35
23,15	0,34	0,34
23,17	0,32	0,34
23,19	0,32	0,33
23,22	0,30	0,32
23,24	0,29	0,32
23,27	0,30	0,31
23,29	0,31	0,30
23,32	0,30	0,29
23,34	0,29	0,28
23,36	0,30	0,27
23,39	0,29	0,27
23,41	0,26	0,26
23,44	0,26	0,26
23,46	0,24	0,25
23,49	0,22	0,25
23,51	0,22	0,25
23,54	0,22	0,24
23,56	0,20	0,24
23,58	0,21	0,24
23,61	0,21	0,23
23,63	0,22	0,23
23,66	0,23	0,23
23,68	0,24	0,23
23,71	0,26	0,23
23,73	0,26	0,23
23,76	0,24	0,24
23,78	0,22	0,24
23,80	0,23	0,24
23,83	0,23	0,25
23,85	0,22	0,25
23,88	0,23	0,25
23,90	0,29	0,26
23,93	0,27	0,26
23,95	0,25	0,26
23,98	0,27	0,26
24,00	0,28	0,26
24,02	0,25	0,27
24,05	0,26	0,28
24,07	0,29	0,28
24,10	0,27	0,29
24,12	0,26	0,29
24,15	0,28	0,30
24,17	0,30	0,30
24,20	0,28	0,30
24,22	0,32	0,31
24,24	0,34	0,32
24,27	0,35	0,32
24,29	0,34	0,33
24,32	0,34	0,34
24,34	0,34	0,36
24,37	0,34	0,37
24,39	0,32	0,38
24,42	0,35	0,39
24,44	0,39	0,41
24,46	0,39	0,42
24,49	0,41	0,43
24,51	0,48	0,44
24,54	0,47	0,45
24,56	0,48	0,47
24,59	0,51	0,49
24,61	0,54	0,51
24,63	0,50	0,53
24,66	0,51	0,55
24,68	0,55	0,57
24,71	0,56	0,58
24,73	0,55	0,60
24,76	0,62	0,62
24,78	0,66	0,64
24,81	0,66	0,66
24,83	0,68	0,68
24,85	0,72	0,70
24,88	0,72	0,72
24,90	0,72	0,75
24,93	0,75	0,77
24,95	0,78	0,79
24,98	0,79	0,82
25,00	0,83	0,84
25,03	0,88	0,86
25,05	0,91	0,88
25,07	0,92	0,90
25,10	0,95	0,92
25,12	0,95	0,95
25,15	0,96	0,97
25,17	0,99	1,00
25,20	1,02	1,03
25,22	1,05	1,05
25,25	1,04	1,08
25,27	1,06	1,10
25,29	1,09	1,12
25,32	1,13	1,14
25,34	1,14	1,16
25,37	1,23	1,18
25,39	1,28	1,20
25,42	1,30	1,23
25,44	1,29	1,25
25,47	1,31	1,27
25,49	1,28	1,30
25,51	1,28	1,32
25,54	1,30	1,34
25,56	1,33	1,37
25,59	1,36	1,38
25,61	1,42	1,40
25,64	1,43	1,41
25,66	1,45	1,43
25,68	1,48	1,44
25,71	1,49	1,46
25,73	1,49	1,48
25,76	1,52	1,50
25,78	1,53	1,51
25,81	1,52	1,53
25,83	1,53	1,54
25,86	1,57	1,55
25,88	1,56	1,56
25,90	1,56	1,56
25,93	1,60	1,57
25,95	1,61	1,57
25,98	1,57	1,58
26,00	1,60	1,58
26,03	1,62	1,59
26,05	1,60	1,59
26,08	1,60	1,59
26,10	1,60	1,59
26,12	1,60	1,59
26,15	1,58	1,59
26,17	1,59	1,59
26,20	1,60	1,59
26,22	1,60	1,58
26,25	1,58	1,57
26,27	1,59	1,57
26,30	1,60	1,57
26,32	1,58	1,56
26,34	1,55	1,56
26,37	1,56	1,56
26,39	1,54	1,55
26,42	1,49	1,54
26,44	1,50	1,53
26,47	1,55	1,52
26,49	1,54	1,51
26,52	1,52	1,50
26,54	1,53	1,49
26,56	1,53	1,48
26,59	1,47	1,47
26,61	1,45	1,46
26,64	1,44	1,45
26,66	1,42	1,43
26,69	1,39	1,42
26,71	1,41	1,40
26,73	1,40	1,39
26,76	1,37	1,37
26,78	1,36	1,35
26,81	1,36	1,34
26,83	1,33	1,32
26,86	1,31	1,30
26,88	1,30	1,29
26,91	1,29	1,27
26,93	1,26	1,25
26,95	1,22	1,23
26,98	1,21	1,22
27,00	1,20	1,20
27,03	1,18	1,18
27,05	1,13	1,16
27,08	1,14	1,13
27,10	1,13	1,11
27,13	1,10	1,09
27,15	1,07	1,07
27,17	1,08	1,05
27,20	1,03	1,03
27,22	0,99	1,01
27,25	0,99	0,99
27,27	0,95	0,97
27,30	0,91	0,95
27,32	0,91	0,93
27,35	0,90	0,91
27,37	0,89	0,89
27,39	0,86	0,87
27,42	0,87	0,86
27,44	0,86	0,84
27,47	0,83	0,83
27,49	0,80	0,81
27,52	0,78	0,80
27,54	0,77	0,78
27,57	0,76	0,76
27,59	0,74	0,75
27,61	0,74	0,73
27,64	0,76	0,72
27,66	0,71	0,70
27,69	0,67	0,68
27,71	0,67	0,67
27,74	0,65	0,65
27,76	0,62	0,64
27,78	0,62	0,63
27,81	0,61	0,61
27,83	0,59	0,60
27,86	0,56	0,58
27,88	0,56	0,56
27,91	0,55	0,55
27,93	0,54	0,53
27,96	0,53	0,52
27,98	0,53	0,51
28,00	0,51	0,49
28,03	0,48	0,48
28,05	0,47	0,47
28,08	0,45	0,46
28,10	0,43	0,45
28,13	0,39	0,44
28,15	0,40	0,43
28,18	0,40	0,41
28,20	0,38	0,40
28,22	0,38	0,39
28,25	0,39	0,38
28,27	0,38	0,38
28,30	0,37	0,37
28,32	0,38	0,37
28,35	0,37	0,37
28,37	0,34	0,36
28,40	0,33	0,36
28,42	0,36	0,36
28,44	0,33	0,35
28,47	0,33	0,35
28,49	0,38	0,34
28,52	0,37	0,34
28,54	0,34	0,34
28,57	0,34	0,34
28,59	0,34	0,34
28,62	0,31	0,34
28,64	0,30	0,34
28,66	0,32	0,34
28,69	0,33	0,34
28,71	0,32	0,34
28,74	0,33	0,34
28,76	0,35	0,34
28,79	0,34	0,34
28,81	0,34	0,34
28,84	0,35	0,35
28,86	0,37	0,35
28,88	0,37	0,36
28,91	0,37	0,36
28,93	0,38	0,37
28,96	0,38	0,37
28,98	0,34	0,38
29,01	0,34	0,39
29,03	0,37	0,40
29,05	0,38	0,40
29,08	0,39	0,41
29,10	0,42	0,42
29,13	0,45	0,43
29,15	0,44	0,44
29,18	0,44	0,45
29,20	0,47	0,47
29,23	0,48	0,49
29,25	0,48	0,50
29,27	0,49	0,52
29,30	0,52	0,54
29,32	0,52	0,55
29,35	0,56	0,56
29,37	0,59	0,58
29,40	0,63	0,60
29,42	0,63	0,62
29,45	0,64	0,64
29,47	0,66	0,66
29,49	0,68	0,68
29,52	0,67	0,70
29,54	0,69	0,72
29,57	0,74	0,75
29,59	0,76	0,77
29,62	0,77	0,78
29,64	0,81	0,80
29,67	0,86	0,82
29,69	0,86	0,84
29,71	0,86	0,86
29,74	0,91	0,89
29,76	0,93	0,91
29,79	0,92	0,94
29,81	0,95	0,96
29,84	0,96	0,99
29,86	0,96	1,02
29,89	0,97	1,04
29,91	1,04	1,07
29,93	1,07	1,09
29,96	1,12	1,11
29,98	1,17	1,14
30,01	1,22	1,17
30,03	1,24	1,20
30,06	1,25	1,23
30,08	1,25	1,26
30,10	1,28	1,30
30,13	1,29	1,33
30,15	1,31	1,36
30,18	1,35	1,39
30,20	1,43	1,41
30,23	1,46	1,44
30,25	1,50	1,46
30,28	1,54	1,49
30,30	1,56	1,51
30,32	1,55	1,54
30,35	1,59	1,57
30,37	1,61	1,60
30,40	1,61	1,62
30,42	1,62	1,65
30,45	1,67	1,67
30,47	1,69	1,69
30,50	1,70	1,71
30,52	1,74	1,73
30,54	1,79	1,74
30,57	1,78	1,76
30,59	1,79	1,78
30,62	1,82	1,80
30,64	1,84	1,82
30,67	1,84	1,83
30,69	1,84	1,85
30,72	1,87	1,87
30,74	1,88	1,88
30,76	1,88	1,89
30,79	1,90	1,90
30,81	1,94	1,91
30,84	1,94	1,91
30,86	1,94	1,92
30,89	1,97	1,93
30,91	1,98	1,94
30,94	1,95	1,95
30,96	1,95	1,96
30,98	1,96	1,96
31,01	1,94	1,97
31,03	1,93	1,97
31,06	1,99	1,97
31,08	2,01	1,97
31,11	2,00	1,97
31,13	2,00	1,97
31,15	2,02	1,97
31,18	1,98	1,97
31,20	1,96	1,96
31,23	1,96	1,96
31,25	1,96	1,96
31,28	1,95	1,95
31,30	1,95	1,94
31,33	1,95	1,93
31,35	1,94	1,92
31,37	1,93	1,91
31,40	1,92	1,89
31,42	1,90	1,88
31,45	1,89	1,87
31,47	1,86	1,85
31,50	1,84	1,84
31,52	1,83	1,83
31,55	1,80	1,81
31,57	1,77	1,79
31,59	1,77	1,77
31,62	1,77	1,75
31,64	1,74	1,73
31,67	1,71	1,71
31,69	1,72	1,69
31,72	1,69	1,67
31,74	1,64	1,65
31,77	1,63	1,63
31,79	1,62	1,62
31,81	1,57	1,60
31,84	1,55	1,58
31,86	1,54	1,56
31,89	1,53	1,54
31,91	1,51	1,52
31,94	1,50	1,49
31,96	1,50	1,47
31,99	1,48	1,46
32,01	1,44	1,44
32,03	1,43	1,43
32,06	1,41	1,41
32,08	1,37	1,39
32,11	1,33	1,37
32,13	1,32	1,36
32,16	1,33	1,33
32,18	1,32	1,31
32,20	1,32	1,29
32,23	1,35	1,27
32,25	1,32	1,25
32,28	1,23	1,23
32,30	1,21	1,21
32,33	1,19	1,19
32,35	1,13	1,17
32,38	1,11	1,16
32,40	1,13	1,14
32,42	1,10	1,11
32,45	1,06	1,09
32,47	1,07	1,06
32,50	1,05	1,04
32,52	1,03	1,01
32,55	1,02	0,99
32,57	1,01	0,97
32,60	0,98	0,95
32,62	0,94	0,93
32,64	0,89	0,91
32,67	0,87	0,89
32,69	0,84	0,87
32,72	0,80	0,85
32,74	0,79	0,84
32,77	0,80	0,82
32,79	0,78	0,80
32,82	0,76	0,78
32,84	0,77	0,77
32,86	0,76	0,75
32,89	0,74	0,74
32,91	0,73	0,73
32,94	0,74	0,72
32,96	0,71	0,71
32,99	0,68	0,70
33,01	0,69	0,69
33,04	0,68	0,68
33,06	0,64	0,67
33,08	0,67	0,66
33,11	0,68	0,65
33,13	0,66	0,64
33,16	0,65	0,63
33,18	0,64	0,62
33,21	0,60	0,61
33,23	0,57	0,60
33,26	0,56	0,60
33,28	0,55	0,59
33,30	0,56	0,58
33,33	0,57	0,58
33,35	0,56	0,57
33,38	0,56	0,56
33,40	0,56	0,55
33,43	0,55	0,54
33,45	0,55	0,54
33,47	0,56	0,54
33,50	0,55	0,54
33,52	0,54	0,53
33,55	0,54	0,53
33,57	0,50	0,53
33,60	0,48	0,53
33,62	0,48	0,53
33,65	0,50	0,53
33,67	0,51	0,53
33,69	0,53	0,53
33,72	0,55	0,53
33,74	0,56	0,53
33,77	0,53	0,53
33,79	0,53	0,54
33,82	0,54	0,55
33,84	0,54	0,56
33,87	0,53	0,57
33,89	0,54	0,57
33,91	0,56	0,58
33,94	0,59	0,59
33,96	0,59	0,59
33,99	0,63	0,60
34,01	0,65	0,61
34,04	0,65	0,62
34,06	0,63	0,63
34,09	0,65	0,65
34,11	0,64	0,66
34,13	0,62	0,67
34,16	0,64	0,69
34,18	0,70	0,70
34,21	0,70	0,72
34,23	0,71	0,73
34,26	0,76	0,74
34,28	0,78	0,76
34,31	0,76	0,77
34,33	0,78	0,79
34,35	0,82	0,81
34,38	0,83	0,83
34,40	0,84	0,85
34,43	0,86	0,87
34,45	0,88	0,89
34,48	0,87	0,91
34,50	0,89	0,93
34,52	0,93	0,95
34,55	0,98	0,98
34,57	0,99	1,00
34,60	1,04	1,03
34,62	1,08	1,05
34,65	1,09	1,08
34,67	1,08	1,11
34,70	1,12	1,14
34,72	1,15	1,16
34,74	1,16	1,19
34,77	1,19	1,22
34,79	1,28	1,24
34,82	1,31	1,26
34,84	1,31	1,28
34,87	1,33	1,30
34,89	1,38	1,32
34,92	1,36	1,34
34,94	1,38	1,36
34,96	1,41	1,37
34,99	1,43	1,39
